,padj_TCTnvsB6Tn,padj_TCTfhvsB6Tfh,padj_B6TfhvsB6Tn,padj_TCTfhvsTCTn,log2FoldChange_TCTnvsB6Tn,log2FoldChange_TCTfhvsB6Tfh,log2FoldChange_B6TfhvsB6Tn,log2FoldChange_TCTfhvsTCTn
Acaa2,1.4400000000000003e-25,6.04e-14,7.41e-48,6.64e-22,-0.773527559,-0.623625572,-0.966873091,-0.816971074
Aldh2,4.36e-05,4.5999999999999995e-08,3.579999999999999e-29,4.26e-27,-0.6720585459999999,-1.043983468,-1.6408047069999998,-2.012729479
Cpt1a,2.1e-11,4.71e-06,0.929163878,0.07058797900000001,-0.904736915,-0.635620977,0.0,0.0
Cpt1c,0.023200678,2.2099999999999996e-64,6.03e-15,3.429999999999999e-65,2.041694615,4.226538999,5.4814390060000004,7.666282744
