,padj_TCTnvsB6Tn,padj_TCTfhvsB6Tfh,padj_B6TfhvsB6Tn,padj_TCTfhvsTCTn,log2FoldChange_TCTnvsB6Tn,log2FoldChange_TCTfhvsB6Tfh,log2FoldChange_B6TfhvsB6Tn,log2FoldChange_TCTfhvsTCTn
Ggt1,0.0031956379999999998,0.036038941,3.839999999999999e-67,1.72e-27,-0.5539927060000001,-1.454850054,-5.06866562,-5.969521522999999
Gpx1,5.97e-17,2.88e-17,1.1099999999999999e-15,2.95e-12,-0.6882374109999999,-0.719091713,-0.5932290170000001,-0.624083281
Mgst2,1.3e-21,1.59e-24,0.998778913,0.628061965,0.8404660820000001,0.897767726,0.0,0.0
Rrm2,0.544151036,0.000146826,1.76e-30,1.13e-07,0.0,-0.681196134,1.9483574959999999,1.0941355990000001
