,padj_TCTnvsB6Tn,padj_TCTfhvsB6Tfh,padj_B6TfhvsB6Tn,padj_TCTfhvsTCTn,log2FoldChange_TCTnvsB6Tn,log2FoldChange_TCTfhvsB6Tfh,log2FoldChange_B6TfhvsB6Tn,log2FoldChange_TCTfhvsTCTn
Cox4i1,6.2e-10,3.68e-11,3.56e-08,2.4199999999999997e-07,-0.545753254,-0.593008861,-0.439715215,-0.486970776
Cox7a2,2.95e-11,2.34e-12,0.00278411,0.0039506,-0.5445362220000001,-0.5918638820000001,-0.224039856,-0.271367485
mt-Nd6,2.28e-07,4.17e-06,0.754474655,0.494387972,-1.4617682840000001,-1.298255915,0.0,0.0
Ndufa8,1.31e-21,3.71e-12,2.77e-06,0.13135605,-0.8135941879999999,-0.6175278439999999,-0.35770847899999997,0.0
Ndufb9,4.33e-15,6.22e-11,0.135725416,0.016319497,-0.712546475,-0.59190025,0.0,0.250868059
Ndufs5,1.21e-26,4.65e-27,0.40790152799999996,0.326326888,-4.910550965,-4.085799495,0.0,0.0
Ppa1,1.1599999999999999e-13,1.18e-08,1.17e-10,0.000130269,-0.749667725,-0.622537928,-0.57544469,-0.44831484899999996
Uqcr10,2.2e-09,6.12e-16,3.17e-06,0.061874104000000006,-0.47681491200000004,-0.620862712,0.31818228600000004,0.0
