,padj_TCTnvsB6Tn,padj_TCTfhvsB6Tfh,padj_B6TfhvsB6Tn,padj_TCTfhvsTCTn,log2FoldChange_TCTnvsB6Tn,log2FoldChange_TCTfhvsB6Tfh,log2FoldChange_B6TfhvsB6Tn,log2FoldChange_TCTfhvsTCTn
Mdh1,1.59e-55,1.2399999999999998e-42,0.942355695,0.083260535,-0.7695804940000001,-0.66933469,0.0,0.0
Ogdhl,0.134230224,0.008559764000000001,0.31561745399999996,0.6001193570000001,0.0,-3.65766071,0.0,0.0
